,cnpj,raiz_cnpj,matriz_filial,razao_social,opcao_pelo_simples,capital_social
3,358376000172,358376,MATRIZ,SARTOR ASSESSORIA E COMERCIO DE INFORMATICA LTDA,SIM,0
4,563375000160,563375,MATRIZ,INDEXX INFORMATICA LTDA,SIM,0
5,586312000129,586312,MATRIZ,DATAMICRO SISTEMAS LTDA,SIM,0
6,587384000190,587384,MATRIZ,INOVATIVA INFORMATICA LTDA,SIM,0
10,841331000154,841331,MATRIZ,SOFTNEW SISTEMAS E CONSULTORIA EM INFORMATICA LTDA,SIM,15000
17,1413885000113,1413885,MATRIZ,SIX TECH DESENVOLVIMENTO SISTEMAS DE INFORMATICA LTDA,SIM,0
18,1493662000103,1493662,MATRIZ,TRIPLICE CONSULTORIA E SERVICOS LTDA,SIM,50000
28,2314840000154,2314840,MATRIZ,UNIDAC CONSULTORIA EM TECNOLOGIA DA INFORMACAO LTDA,SIM,100000
29,2318794000161,2318794,MATRIZ,EVERTON RAMOS DE MORAES EIRELI,SIM,105000
30,2437196000101,2437196,MATRIZ,"LUMINA - INFORMATICA, CONSULTORIA E SERVICOS LTDA",SIM,20000
32,2622879000139,2622879,MATRIZ,C R NET LTDA,SIM,60000
49,3441246000197,3441246,MATRIZ,GOLDEN IT LTDA,SIM,0
50,3456658000109,3456658,MATRIZ,PLANETAWEB INFORMATICA LTDA,SIM,50000
55,3706036000183,3706036,MATRIZ,QUALIDIG LTDA,SIM,1000
57,3801285000158,3801285,MATRIZ,CG SISTEMAS E SERVICOS DE INFORMATICA LTDA,SIM,1000
65,4055839000188,4055839,MATRIZ,TEROS INFORMATICA LTDA,SIM,10000
69,4246459000120,4246459,MATRIZ,BOEIRA TECNOLOGIA DA INFORMACAO LTDA,SIM,0
70,4340744000106,4340744,MATRIZ,TECHNORIVER INFORMATICA LTDA,SIM,10000
74,4410157000146,4410157,MATRIZ,PROSOFTIN CONSULTORIA E SISTEMAS LTDA,SIM,0
78,4516228000190,4516228,MATRIZ,AQUI VANTAGENS.COM ADMINISTRACAO CARTOES DE DESCONTO E TELECOMUNICACOES LTDA,SIM,0
87,5023602000188,5023602,MATRIZ,ASSERTIVA TECH CONSULTORIA EM TI LTDA,SIM,8000
88,5028586000116,5028586,MATRIZ,GLOBAL CASE CONSULTORIA E ASSESSORIA LTDA,SIM,0
90,5042138000177,5042138,MATRIZ,TECJUMP TECNOLOGIA EM INFORMATICA LTDA,SIM,0
100,5339050000111,5339050,MATRIZ,PORTO'S INFORMATICA LTDA,SIM,3000
101,5357530000105,5357530,MATRIZ,GLOBALWIDE TECNOLOGIA E INFORMATICA LTDA,SIM,10000
103,5422311000162,5422311,MATRIZ,KAIZENDO SOLUCOES E SISTEMAS PARA MELHORIA LTDA,SIM,240000
104,5448669000164,5448669,MATRIZ,MAURICIO RIBEIRO INFORMATICA LTDA,SIM,100000
121,5975597000103,5975597,MATRIZ,HLEBANIA & CIA. LTDA,SIM,0
122,5996262000171,5996262,MATRIZ,MASTER&PRO CONSULTORIA E DESENVOLVIMENTO DE PROGRAMAS LTDA,SIM,10000
123,6015379000190,6015379,MATRIZ,FIAPO LABS TECNOLOGIA DA INFORMACAO LTDA,SIM,10000
125,6153856000183,6153856,MATRIZ,ISOLVE - SOLUCOES EM INFORMATICA LTDA,SIM,15000
127,6277224000121,6277224,MATRIZ,EQUIPE DIGITAL TECNOLOGIA LTDA,SIM,70000
128,6290671000110,6290671,MATRIZ,AMBIENTE LIVRE ASSESSORIA EM SISTEMAS DE INFORMATICA LTDA,SIM,120000
130,6867750000141,6867750,MATRIZ,ITECNOLOGYS CONSULTORIA EM SISTEMAS LTDA,SIM,300000
131,6913250000107,6913250,MATRIZ,A. D. TURRI TECNOLOGIA,SIM,12000
146,7731452000192,7731452,MATRIZ,TYTANIO TECNOLOGIA - EIRELI,SIM,110000
147,7854026000146,7854026,MATRIZ,CENTRUM PROCESSAMENTO DE DADOS LTDA,SIM,2000
148,7896865000127,7896865,MATRIZ,DANIEL HENRIQUE ALVES,SIM,30000
157,8150225000136,8150225,MATRIZ,VELITI SOLUCOES LTDA,SIM,25000
163,8637105000168,8637105,MATRIZ,VILLEROY CONSULTORIA E SERVICOS DE INFORMATICA LTDA.,SIM,5000
164,8640367000181,8640367,MATRIZ,DICE INFORMATICA LTDA,SIM,9000
165,8671358000158,8671358,MATRIZ,DIGITAL UP - TECNOLOGIA EM SISTEMAS LTDA,SIM,500000
177,9044119000130,9044119,MATRIZ,AVA TECNOLOGIA LTDA,SIM,100000
181,9200383000116,9200383,MATRIZ,SOUZA CONSULTORIA EM SOFTWARE LTDA,SIM,3000
183,9254750000164,9254750,MATRIZ,EASYBYTE INFORMATICA LTDA.,SIM,30000
187,9336130000174,9336130,MATRIZ,ENGELBERT & CIA. LTDA.,SIM,5000
191,9416343000106,9416343,MATRIZ,L. F. KASPRIK TECNOLOGIA DA INFORMACAO EIRELI,SIM,100000
198,10145201000130,10145201,MATRIZ,VASCO ALVES CONSULTORIA EM INFORMATICA LTDA,SIM,5000
199,10241629000187,10241629,MATRIZ,HABITAO EIRELI,SIM,93700
202,10320392000120,10320392,MATRIZ,ATM SOLUCOES EM TECNOLOGIA LTDA,SIM,10000
216,10472415000111,10472415,MATRIZ,BESTSOFT HARDWARE E LICENCIAMENTO DE SOFTWARE LTDA,SIM,10000
220,10524406000127,10524406,MATRIZ,FLAVIO STEFFENS DE CASTRO,SIM,5000
223,10655518000117,10655518,MATRIZ,ZIESEMER & CIA LTDA,SIM,10000
225,10702854000173,10702854,MATRIZ,UPRIME SOFTWARE LTDA,SIM,5000
227,10732355000129,10732355,MATRIZ,PETRIKOR DESIGN GRAFICO LTDA,SIM,30000
230,10780049000168,10780049,MATRIZ,SOLID CONSULTORIA E PROJETOS LTDA.,SIM,1000
231,10803704000156,10803704,MATRIZ,J. MARCHI ASSESSORIA EM ENGENHARIA E INFORMATICA LTDA,SIM,10000
232,10882234000163,10882234,MATRIZ,ELITE TRADER ASSESSORIA E CONSULTORIA EMPRESARIAL LTDA,SIM,15000
234,11023375000193,11023375,MATRIZ,BUSINESS SOLUTION SISTEMAS DE INFORMATICA LTDA,SIM,2000
235,11030542000123,11030542,MATRIZ,SANTOS & CARLESSO LTDA,SIM,30000
236,11036060000180,11036060,MATRIZ,H. F. CABRAL - EIRELI,SIM,100000
237,11038137000151,11038137,MATRIZ,GODZ GOVERNANCA E CONSULTORIA EMPRESARIAL LTDA,SIM,84400
238,11048655000156,11048655,MATRIZ,INTELLIGENT MARITIME SOLUTIONS CONSULTORIA LTDA,SIM,1000
244,11209861000109,11209861,MATRIZ,GEOINFORMATION TECNOLOGIA LTDA,SIM,5000
246,11247373000188,11247373,MATRIZ,ARROBAINFO SOLUCOES EM INFORMATICA LTDA,SIM,30000
247,11381069000129,11381069,MATRIZ,JOAO ANTUNES RIBEIRO JUNIOR,SIM,10000
250,11527712000180,11527712,MATRIZ,INFOPOR INFORMATICA LTDA,SIM,4000
252,11589018000197,11589018,MATRIZ,INTENTO LTDA,SIM,2000
255,11738958000109,11738958,MATRIZ,DANIEL APARECIDO DE TOLEDO VIANA,SIM,10000
266,12794444000125,12794444,MATRIZ,HAG CONSULTORIA EM INFORMATICA LTDA,SIM,3000
269,12957904000199,12957904,MATRIZ,ZERO OU UM NEGOCIOS DIGITAIS LTDA,SIM,40000
271,13178989000170,13178989,MATRIZ,MULTI CONSULTORIA E TECNOLOGIA EIRELI,SIM,88000
273,13292648000120,13292648,MATRIZ,INCITE TECNOLOGIA DA INFORMACAO LTDA,SIM,30000
276,13612744000109,13612744,MATRIZ,PLIGG CONSULTORIA EM TECNOLOGIA DA INFORMACAO LTDA.,SIM,1000000
279,13963659000195,13963659,MATRIZ,GALAXIA NASCENTE CONSULTORIA LTDA,SIM,10000
281,13994051000128,13994051,MATRIZ,GOLIVE CONSULTORIA LTDA,SIM,13500
282,14056643000161,14056643,MATRIZ,"CUNHA E MIRANDA ESTRATEGIA, GESTAO E TECNOLOGIA DA INFORMACAO LTDA",SIM,2000
284,14136101000107,14136101,MATRIZ,SONNUS ASSESSORIA E CONSULTORIA EM INFORMATICA LTDA,SIM,3000
286,14220191000101,14220191,MATRIZ,NEURON CONSULTORIA LTDA,SIM,60000
289,14470857000180,14470857,MATRIZ,LERMEN SYSTEMS LTDA,SIM,10000
295,14731086000137,14731086,MATRIZ,C E L B TECNOLOGIA DA INFORMACAO LTDA,SIM,2000
296,14808197000102,14808197,MATRIZ,MURATA TECNOLOGIA DA INFORMACAO LTDA,SIM,20000
297,14816976000141,14816976,MATRIZ,JOBYLWARE SISTEMAS LTDA,SIM,10000
298,14822675000120,14822675,MATRIZ,SERVERDO SERVICOS DE INFORMATICA LTDA,SIM,1000
299,14911562000100,14911562,MATRIZ,PRATICA CERTIFICACAO DIGITAL LTDA.,SIM,300000
300,15005247000178,15005247,MATRIZ,RAFAEL FELIPE CAMARGO,SIM,5000
307,15399960000143,15399960,MATRIZ,IST INFORMATICA LTDA,SIM,5000
317,16890793000100,16890793,MATRIZ,GOLLTD TECNOLOGIA DA INFORMACAO LTDA,SIM,1200
319,17011419000141,17011419,MATRIZ,UHLIG & KOROVSKY TECNOLOGIA LTDA.,SIM,65000
323,17283617000164,17283617,MATRIZ,VENERA - SOLUCOES CORPORATIVAS LTDA,SIM,1000
324,17437312000160,17437312,MATRIZ,HGSOFT TECNOLOGIA EIRELI,SIM,104500
327,17915726000157,17915726,MATRIZ,SMARTI CONSULTORIA E SERVICOS DE TI LTDA,SIM,12000
329,17949442000181,17949442,MATRIZ,MALGUEIRO SERVICOS EM TECNOLOGIA DA INFORMACAO LTDA,SIM,10000
330,18173795000103,18173795,MATRIZ,TEXVN INFORMATICA - EIRELI,SIM,70000
336,18796297000109,18796297,MATRIZ,PLANO B CONSULTORIA LTDA,SIM,10000
337,18843171000148,18843171,MATRIZ,BTI ESTRATEGICA CONSULTORIA EM TI LTDA,SIM,10000
339,19122334000166,19122334,MATRIZ,MIDIA CLASS EDITORA LTDA,SIM,10000
341,19301105000109,19301105,MATRIZ,IMPLEMENTTI TECNOLOGIA EIRELI,SIM,95400
343,19440549000125,19440549,MATRIZ,CTX CONSULTORIA LTDA.,SIM,200000
345,19716266000163,19716266,MATRIZ,AQL CONSULTORIA EMPRESARIAL E TECNOLOGIA DA INFORMACAO LTDA,SIM,30000
347,19967832000100,19967832,MATRIZ,WORK OUT CONSULTORIA EM TECNOLOGIA DA INFORMACAO LTDA,SIM,10000
349,20013675000182,20013675,MATRIZ,KEPHA MENTORIA DE PROJETOS TECNOLOGICOS LTDA,SIM,200000
350,20093970000196,20093970,MATRIZ,PLICPLAC DESENVOLVIMENTO WEB LTDA.,SIM,10000
357,21295146000181,21295146,MATRIZ,FLM TECNOLOGIA EIRELI,SIM,100000
358,21388085000105,21388085,MATRIZ,FELICIO CONSULTORIA EIRELI,SIM,98000
360,21491167000172,21491167,MATRIZ,INCA CONSULTORIA DESENVOLVIMENTO E INDUSTRIALIZACAO DE TECNOLOGIAS INOVADORAS EIRELI,SIM,80000
365,21728376000197,21728376,MATRIZ,CSX SOLUCOES LTDA,SIM,30000
367,21884232000120,21884232,MATRIZ,NIMBUS NETWORK TECNOLOGIA DA INFORMACAO LTDA,SIM,30000
368,21916782000183,21916782,MATRIZ,DAYBACK ENERGIA ESTRATEGICA LTDA,SIM,50000
371,21969334000148,21969334,MATRIZ,TRIVIO TECNOLOGIA LTDA,SIM,129000
373,22007582000170,22007582,MATRIZ,ABSOFT SOLUCOES INTELIGENTES LTDA,SIM,10000
376,22370057000115,22370057,MATRIZ,DWU SOLUCOES EM TECNOLOGIA DA INFORMACAO LTDA,SIM,42000
377,22459999000174,22459999,MATRIZ,PUBLIC & PRIVATE TECNOLOGIA E SERVICOS DE INFORMACAO LTDA,SIM,5000
383,22981457000167,22981457,MATRIZ,IDEATOS SOLUCOES EM TECNOLOGIA EIRELI,SIM,99800
384,23065417000138,23065417,MATRIZ,TRUBR TECHNOLOGY LTDA,SIM,10000
385,23068092000147,23068092,MATRIZ,MOURA & MOURA CONSULTORES LTDA,SIM,500
386,23201941000199,23201941,MATRIZ,DOUGLAS CAETANO JEREMIAS,SIM,10000
387,23244090000161,23244090,MATRIZ,THEKLA CONSULTORIA DE SISTEMAS EIRELI,SIM,80000
388,23316396000186,23316396,MATRIZ,BATTISTI & BATTISTI - CONSULTORIA EMPRESARIAL LTDA,SIM,20000
389,23450854000175,23450854,MATRIZ,WS TECH - SOLUCOES EM T I EIRELI,SIM,115000
390,23468855000147,23468855,MATRIZ,ALESSANDRO STEIN,SIM,1000
391,23507330000173,23507330,MATRIZ,DIEGO GAFFORELLI PERFEITO,SIM,10000
395,23720406000144,23720406,MATRIZ,AMEW CONSULTORIA LTDA,SIM,5000
396,23773859000139,23773859,MATRIZ,ATM 2 SOLUCOES EM TECNOLOGIA LTDA,SIM,10000
397,24153353000190,24153353,MATRIZ,SELFLESS PRODUTORA LTDA,SIM,100000
399,24232219000184,24232219,MATRIZ,UP CONTACT CENTER EIRELI,SIM,89000
400,24232254000101,24232254,MATRIZ,BERGHAHN DESENVOLVIMENTO DE NEGOCIOS LTDA,SIM,20000
401,24353595000127,24353595,MATRIZ,EXITUS EMPRESARIAL CONSULTORIA EIRELI,SIM,90000
402,24362619000104,24362619,MATRIZ,CCS NEGOCIOS & ASSESSORIA EIRELI,SIM,88000
406,24608207000101,24608207,MATRIZ,MULTIPLA ARQUITETURA E GERENCIAMENTO DE SERVICOS LTDA,SIM,25000
408,24642661000189,24642661,MATRIZ,4SOLVE SOFTWARES LTDA,SIM,20000
409,24688226000195,24688226,MATRIZ,MV TECH SOLUCOES TECNOLOGICAS LTDA,SIM,10000
410,24762992000152,24762992,MATRIZ,DECOSTORE INFORMACAO E TECNOLOGIA LTDA.,SIM,100000
411,24980717000105,24980717,MATRIZ,R. A. DE ARAUJO ANTONIAZZI GEOPROCESSAMENTO E TOPOGRAFIA,SIM,6000
413,25245543000108,25245543,MATRIZ,UNI ENTERPRISE SOLUCOES INTELIGENTES EIRELI,SIM,110000
415,25275641000180,25275641,MATRIZ,PRISMATECH ASSESSORIA EM SISTEMAS DE INFORMATICA EIRELI,SIM,90000
416,25285557000147,25285557,MATRIZ,ROBOTIMIZE LTDA,SIM,88000
417,25327802000131,25327802,MATRIZ,MEYER CONSULTORIA EM TI LTDA.,SIM,5000
418,25341444000111,25341444,MATRIZ,CORE SOLUTIONS - AUTOMACAO TECNOLOGICA LTDA,SIM,13000
419,25420887000106,25420887,MATRIZ,APAPELME CONSULTORIA EM INFORMATICA LTDA,SIM,5000
420,25533119000150,25533119,MATRIZ,WARP TECNOLOGIA LTDA,SIM,25000
424,26181064000120,26181064,MATRIZ,MAPA SA - CONSULTORIA E ANALISES SOCIOAMBIENTAIS LTDA,SIM,10000
426,26225132000105,26225132,MATRIZ,INTERANET SOLUCOES EM TI LTDA,SIM,500000
428,26263353000178,26263353,MATRIZ,BM SISTEMAS DE ANALISE DE DADOS EIRELI,SIM,93700
429,26294369000148,26294369,MATRIZ,WYTECH SERVICOS DE TECNOLOGIA LTDA,SIM,5000
431,26468924000100,26468924,MATRIZ,X4 AUTOMACOES LTDA,SIM,10000
432,26469808000106,26469808,MATRIZ,INLINE TECNOLOGIA EIRELI,SIM,95400
434,26683997000115,26683997,MATRIZ,WAGNER FERNANDES DOS SANTOS,SIM,2000
435,26686159000103,26686159,MATRIZ,AD SOLUCOES DIGITAIS LTDA,SIM,50000
436,26756002000107,26756002,MATRIZ,ROMARIO ROSA DE ALMEIDA GESTAO EM SAUDE EIRELI,SIM,88000
437,26771369000191,26771369,MATRIZ,DHARMA DIGITAL - CONSULTORIA E ASSESSORIA DE GESTAO COMERCIAL LTDA.,SIM,10000
439,26960108000110,26960108,MATRIZ,OPENCONNECT SISTEMAS DE INFORMACAO E TECNOLOGIA LTDA,SIM,10000
441,27090363000111,27090363,MATRIZ,ZERO TI TECNOLOGIA DA INFORMACAO LTDA,SIM,101010
442,27100089000114,27100089,MATRIZ,DDS CONSULTORIA EM TECNOLOGIA DA INFORMACAO EIRELI,SIM,93700
443,27106994000181,27106994,MATRIZ,ANDREIA APARECIDA DE OLIVEIRA CORDEIRO EIRELI,SIM,93700
444,27112738000105,27112738,MATRIZ,PRADO TECNOLOGIA LTDA,SIM,5000
445,27299019000137,27299019,MATRIZ,ITA INFRA ESTRUTURA DE TELECOM EIRELI,SIM,100000
447,27438836000129,27438836,MATRIZ,GROWTH OFFICE LTDA,SIM,1000
448,27456547000152,27456547,MATRIZ,SEO EXPERTS CONSULTORIA EM TECNOLOGIA DA INFORMATICA EIRELI,SIM,93700
449,27481416000125,27481416,MATRIZ,WLAN REDES SEM FIO SERVICOS EM TECNOLOGIA LTDA,SIM,15000
451,27649569000139,27649569,MATRIZ,H. DE PAULA SOUZA JUNIOR - CONSULTORIA EM INFORMATICA,SIM,10000
453,27702054000155,27702054,MATRIZ,VIBE IT SOLUCOES EM TECNOLOGIA LTDA,SIM,1000
454,27770937000100,27770937,MATRIZ,GO SYSTEM TECNOLOGIA LTDA,SIM,1000
455,27908845000136,27908845,MATRIZ,THIAGO ADOLFO PREIS,SIM,5000
456,27982288000101,27982288,MATRIZ,I. RAMOS & SANTOS CONSULTORIA E ASSESSORIA LTDA,SIM,10000
459,28031071000170,28031071,MATRIZ,DESENVINFO SOLUCOES EM TECNOLOGIA LTDA,SIM,1000
460,28082914000168,28082914,MATRIZ,RAVAGLIO E SAAB TECNOLOGIA E GESTAO LTDA,SIM,10000
462,28232830000163,28232830,MATRIZ,RODRIGO ARDIGO CONSULTORIA,SIM,10000
463,28241746000106,28241746,MATRIZ,WITCRED CONSULTORIA EIRELI,SIM,95000
465,28336299000179,28336299,MATRIZ,PROGRES TECNOLOGIA LTDA,SIM,10000
466,28340957000104,28340957,MATRIZ,SS CONSULTORIA LTDA,SIM,10000
469,28396501000158,28396501,MATRIZ,DYCK & SANTOS LTDA,SIM,7500
471,28517714000190,28517714,MATRIZ,WTIT GESTAO E CONSULTORIA DE INFORMATICA LTDA,SIM,10000
473,28946642000105,28946642,MATRIZ,MCC TECNOLOGIA DA INFORMACAO LTDA,SIM,2000
474,29030375000186,29030375,MATRIZ,INDICE INFORMATICA EIRELI,SIM,95000
477,29116537000101,29116537,MATRIZ,BEXPO TRANSFORMACAO E INOVACAO LTDA,SIM,12000
478,29152144000145,29152144,MATRIZ,DANIELA CUNHA LIMA,SIM,10000
480,29230277000192,29230277,MATRIZ,INFOTECH ASSISTENCIA E SUPORTE EM TI LTDA,SIM,6000
482,29309746000163,29309746,MATRIZ,GO4 TECNOLOGIA DA INFORMACAO LTDA,SIM,960000
483,29432024000100,29432024,MATRIZ,ITRK TECNOLOGIA DA INFORMACAO LTDA,SIM,60000
484,29472136000186,29472136,MATRIZ,IT+ GESTAO E TECNOLOGIA - EIRELI,SIM,93700
485,29488065000100,29488065,MATRIZ,RCFO IT CONSULTING LTDA,SIM,2000
486,29496699000104,29496699,MATRIZ,IBTI INSTITUTO BADAZ - TECNOLOGIA & INOVACAO LTDA,SIM,1000
487,29636554000161,29636554,MATRIZ,GILGRID APLICATIVOS LTDA,SIM,96000
489,29667108000114,29667108,MATRIZ,ALEXANDRE DE LIMA MACHADO CONSULTORIA,SIM,1000
490,29723917000104,29723917,MATRIZ,MARCOS FABIANO MENDES DE SIQUEIRA,SIM,10000
491,29751722000160,29751722,MATRIZ,JADER E AMANDA SISTEMAS DE TECNOLOGIA DA INFORMACAO LTDA,SIM,5000
492,29753819000101,29753819,MATRIZ,JLV ENGENHARIA TECNOLOGIA E SOFTWARE LTDA,SIM,50000
493,29766130000111,29766130,MATRIZ,ARSS TECNOLOGIA DA INFORMACAO LTDA,SIM,1000
494,29814528000186,29814528,MATRIZ,P2P BUSINESS SOLUTIONS - EIRELI,SIM,100000
495,29826123000168,29826123,MATRIZ,REINALDO FREITAS DE CRISTO,SIM,5000
496,29829507000134,29829507,MATRIZ,DIEGO ZAGONEL DE CAMARGO MELLO,SIM,1000
497,29832432000140,29832432,MATRIZ,RAISEHANDS SOLUCOES ONLINE LTDA,SIM,100000
500,29915283000183,29915283,MATRIZ,L&L ASSESSORIA E CONSULTORIA EMPRESARIAL LTDA,SIM,1000
501,29920323000185,29920323,MATRIZ,TOLFO & KRABBE INFORMATICA LTDA,SIM,12000
503,30025695000127,30025695,MATRIZ,IMEDIATUM TECNOLOGIA LTDA,SIM,100000
504,30033125000189,30033125,MATRIZ,HC CONSULTORIA EM TECNOLOGIA LTDA,SIM,10000
505,30043931000138,30043931,MATRIZ,TAX PAYMENTS TECNOLOGIA EM MEIOS DE PAGAMENTOS EIRELI,SIM,100000
507,30120829000199,30120829,MATRIZ,FULL NINE DIGITAL CONSULTORIA LTDA,SIM,1000
510,30280646000130,30280646,MATRIZ,ANGOS STUDIO LTDA,SIM,30000
511,30281605000169,30281605,MATRIZ,RALTEC TECNOLOGIA DA INFORMACAO LTDA,SIM,30000
513,30310764000144,30310764,MATRIZ,INTELPRICE SOLUCOES DE PRECIFICACAO LTDA,SIM,300000
514,30339718000178,30339718,MATRIZ,NEXTHOP SOLUTIONS - CONSULTORIA EM TECNOLOGIA DA INFORMACAO EIRELI,SIM,150000
515,30351627000158,30351627,MATRIZ,RAFAEL DA LUZ VAZ - COMERCIO E CONSULTORIA TECNOLOGIA EIRELI,SIM,95400
516,30517691000166,30517691,MATRIZ,LUCIANO JOHNSON CONSULTORIA EM TI,SIM,10000
517,30537374000101,30537374,MATRIZ,ASTACKS SERVICOS DE TECNOLOGIA LTDA,SIM,1000
518,30568793000100,30568793,MATRIZ,DAVI EMILIO BUSANELLO FERREIRA CONSULTORIA EM TECNOLOGIA,SIM,1000
520,30607379000163,30607379,MATRIZ,MENDEL E ZAMBERLAN CONSULTORIA EM DESENVOLVIMENTO DE SOFTWARE LTDA,SIM,1000
521,30677270000100,30677270,MATRIZ,PAULIN DESIGN E DESENVOLVIMENTO DE SISTEMAS INTERFACES E EXPERIENCIA DO USUARIO LTDA,SIM,1000
522,30750260000145,30750260,MATRIZ,ADVBOX CONSULTORIA E TECNOLOGIA LTDA,SIM,104000
523,30816395000166,30816395,MATRIZ,WA SOLUTIONS CONSULTORIA EIRELI,SIM,95400
526,30935151000100,30935151,MATRIZ,EVERTON SCHIPFER,SIM,1000
527,30974259000102,30974259,MATRIZ,THIAGO BELIZARIO DA SILVA JIMENEZ CONSULTORIA E SERVICOS DE TI,SIM,1000
528,30975075000159,30975075,MATRIZ,PEDRO ERNESTO THEOBALD PRA,SIM,10000
529,31041904000199,31041904,MATRIZ,WILLIAM DE SOUZA ANALIO CONSULTORIA EM TI,SIM,1000
530,31079657000110,31079657,MATRIZ,HI-LAW CONSULTORIA EM TECNOLOGIA DA INFORMACAO LTDA,SIM,10000
532,31111152000195,31111152,MATRIZ,LF TECNOLOGIA E GESTAO DE PESSOAS LTDA,SIM,500
533,31137926000157,31137926,MATRIZ,LAMARQUES E CIA LTDA,SIM,100000
536,31233387000150,31233387,MATRIZ,WORKX IT SOLUCOES E SERVICOS EM TECNOLOGIA DA INFORMACAO LTDA,SIM,20000
542,31452043000131,31452043,MATRIZ,INTELCOMP TECNOLOGIA & GESTAO DE TI LTDA,SIM,25000
545,31615060000142,31615060,MATRIZ,VALDEMIR FERNANDES DE RAMOS,SIM,1000
546,31625732000109,31625732,MATRIZ,HOMEX TECNOLOGIA LTDA,SIM,50000
547,31627865000106,31627865,MATRIZ,CGBHOME CONSULTORIA E ASSESSORIA EMPRESARIAL - EIRELI,SIM,100000
548,31721284000139,31721284,MATRIZ,JUTAY MARCELO FARIAS DE MEDEIROS - KISHRON,SIM,10000
549,31764349000123,31764349,MATRIZ,C. K. SOLANO,SIM,10000
550,31881132000101,31881132,MATRIZ,DIOGO ROMEO SOLUCOES EM TECNOLOGIA E INOVACAO,SIM,30000
551,31974922000123,31974922,MATRIZ,TCHE SOLUTIONS CONSULTORIA EM TECNOLOGIA LTDA,SIM,5000
552,32089832000112,32089832,MATRIZ,THIAGO DE OLIVEIRA FELIX CONSULTORIA EM TI,SIM,1000
554,32161647000191,32161647,MATRIZ,FOBONE TECNOLOGIA DA INFORMACAO LTDA,SIM,2000
556,32214357000169,32214357,MATRIZ,DATABZNESS CONSULTORIA EM TI LTDA,SIM,10000
557,32244389000107,32244389,MATRIZ,R. REOLON - CONSULTORIA EM GESTAO,SIM,10000
558,32333203000196,32333203,MATRIZ,ALESSANDRO CARDOZO BUENO,SIM,1000
561,32416966000109,32416966,MATRIZ,C S I DE ALMEIDA TECNOLOGIA DA INFORMACAO,SIM,250000
562,32477752000134,32477752,MATRIZ,RAFAEL PADILHA DA SILVA & CIA LTDA,SIM,5000
564,32509849000181,32509849,MATRIZ,THIAGO AZEVEDO DE BASSI COMERCIO DE EQUIPAMENTOS DE INFORMATICA,SIM,1000
566,32568380000151,32568380,MATRIZ,UB CONSULTORIA EMPRESARIAL EIRELI,SIM,100000
567,32844773000140,32844773,MATRIZ,RMS CONSULTORIA LTDA,SIM,1000
568,32901739000160,32901739,MATRIZ,TOPSOLUTION SOLUCOES EM TECNOLOGIA EIRELI,SIM,99800
570,33041999000176,33041999,MATRIZ,NETPROJ CONSULTORIA E ASSESSORIA PARA TRANSFORMACAO DIGITAL INTELIGENTE LTDA,SIM,90000
571,33067005000190,33067005,MATRIZ,DALMIR CONSULTORIA EM TECNOLOGIA DA INFORMACAO LTDA,SIM,1100000
572,33079420000164,33079420,MATRIZ,LESSEN TECH CONSULTORIA E MARKETING LTDA,SIM,50000
575,33301348000178,33301348,MATRIZ,LINKMESH TECNOLOGIA DA INFORMACAO LTDA,SIM,100000
579,33454191000110,33454191,MATRIZ,JUAN FRANCO XAVIER DA SILVA,SIM,1000
580,33468050000157,33468050,MATRIZ,PRIVACY TOOLS CONSULTORIA EM TECNOLOGIA LTDA,SIM,6000
581,33639035000124,33639035,MATRIZ,MARIO HENRIQUE ROCHA AZZOLINI & CIA LTDA,SIM,100000
582,33665328000186,33665328,MATRIZ,LUAN RODRIGO PINTO KOTZ TECNOLOGIA DA INFORMACAO,SIM,1000
583,33736420000190,33736420,MATRIZ,E.NEVES CONSULTORIA EM TECNOLOGIA DA INFORMACAO LTDA.,SIM,20000
584,33750232000116,33750232,MATRIZ,2MIT - PROJETOS E SERVICOS DE ENGENHARIA DE SOFTWARE E AUTOMACAO INDUSTRIAL IT & AT LTDA,SIM,20000
585,33759076000154,33759076,MATRIZ,LINCK TECHNOLOGY LTDA,SIM,1000
586,33808438000150,33808438,MATRIZ,METODO IT TREINAMENTOS E SERVICOS DE INFORMATICA LTDA,SIM,20000
587,33899321000129,33899321,MATRIZ,DOMINUS ASSESSORIA E CONSULTORIA EM TI LTDA,SIM,12000
591,34023303000141,34023303,MATRIZ,D R FABER CONSULTORIA E TECNOLOGIA DA INFORMACAO LTDA,SIM,30000
592,34026711000157,34026711,MATRIZ,FLOWDRIVE DESENVOLVIMENTO DE SOLUCOES PARA NEGOCIOS LTDA,SIM,99800
593,34093177000100,34093177,MATRIZ,PEDRO AUGUSTO D BRAZ TECNOOGIA DA INTFORMACAO,SIM,1000
594,34107090000136,34107090,MATRIZ,CUMERLATO DESENVOLVIMENTO DE SOFTWARE LTDA,SIM,1000
595,34121443000152,34121443,MATRIZ,COOGNICAO CONSULTORIA E TREINAMENTO LTDA,SIM,10000
596,34132808000144,34132808,MATRIZ,FLAVIO NONES PROCESSAMENTO DE DADOS EIRELI,SIM,100000
597,34269413000198,34269413,MATRIZ,ALFREDO SCHROEDER NETO CONSULTORIA EM TI,SIM,8000
598,34289648000141,34289648,MATRIZ,SAFE CLOUD CONSULTORIA EM TECNOLOGIA LTDA,SIM,120000
601,34553881000190,34553881,MATRIZ,M99 SISTEMAS E ENGENHARIA LTDA,SIM,49900
602,34554363000190,34554363,MATRIZ,ANELLO TECNOLOGIA LTDA,SIM,50000
603,34595403000142,34595403,MATRIZ,BUTIK INTELIGENCIA APLICADA LTDA,SIM,1000
604,34660346000138,34660346,MATRIZ,DATARUNK SOLUCOES EM TECNOLOGIA DA INFORMACAO LTDA,SIM,40000
605,34719768000131,34719768,MATRIZ,D-LOG TECNOLOGIA DA INFORMACAO EIRELI,SIM,110000
606,34758830000102,34758830,MATRIZ,DANILO CALVO ZENI - ZENI WEB CONSULTORIA EM TECNOLOGIA DA INFORMACAO,SIM,2000
607,34770395000123,34770395,MATRIZ,VFSOFT SOLUCOES EM TECNOLOGIA LTDA,SIM,5000
609,34829222000133,34829222,MATRIZ,SHERPA SOLUCOES EM SISTEMAS DE INFORMACAO LTDA,SIM,15000
611,34914613000156,34914613,MATRIZ,DJEISON ALBERTO KANITZ LTDA,SIM,40000
613,35054380000121,35054380,MATRIZ,OCTIS CONSULTORIA LTDA,SIM,9000
614,35063002000104,35063002,MATRIZ,D2SMART CONSULTORIA EM TECNOLOGIA LTDA,SIM,10000
615,35081130000180,35081130,MATRIZ,F11 TECNOLOGIA LTDA,SIM,1000
616,35118515000175,35118515,MATRIZ,PLYS SERVICOS DE TECNOLOGIA LTDA,SIM,15000
618,35143923000187,35143923,MATRIZ,HEIMDALL TECNOLOGIA DA INFORMACAO LTDA,SIM,2000
619,35259520000106,35259520,MATRIZ,JOINSAP CONSULTORIA LTDA,SIM,60000
620,35324257000183,35324257,MATRIZ,VANZETTO E CAMPOS CONSULTORIA EM SOFTWARE LTDA,SIM,58000
621,35333643000131,35333643,MATRIZ,GORDION CONSULTORIA EMPRESARIAL LTDA,SIM,3000
622,35362926000101,35362926,MATRIZ,ADAC TECNOLOGIA DE INFORMACAO LTDA,SIM,40000
623,35375291000187,35375291,MATRIZ,DARTHPOYO SERVICOS DE CONSULTORIA EM TECNOLOGIA DA INFORMACAO LTDA,SIM,1000
624,35417709000171,35417709,MATRIZ,BINSTORM CONSULTORIA EM TECNOLOGIA DA INFORMACAO LTDA,SIM,30000
625,35458529000138,35458529,MATRIZ,CST IT COMERCIO E SERVICOS LTDA,SIM,1000
626,35486795000174,35486795,MATRIZ,A2CORP CONSULTORIA E EVENTOS EIRELI,SIM,99800
627,35585732000175,35585732,MATRIZ,DEX IT SOLUCOES EM TECNOLOGIA DA INFORMACAO LTDA,SIM,30000
628,35587650000160,35587650,MATRIZ,MEXTECH CONSULTORIA TECNOLOGICA LTDA,SIM,10000
631,35679751000160,35679751,MATRIZ,ARTUR FELIPE WENDLING LTDA,SIM,20000
632,35749625000135,35749625,MATRIZ,CONCAT ALL - SERVICOS EM TECNOLOGIA DA INFORMACAO LTDA,SIM,10000
634,35829508000181,35829508,MATRIZ,INSTITUTO BRASILEIRO DE PROTECAO DE DADOS LTDA,SIM,3000
635,35898518000179,35898518,MATRIZ,SETTTLE TECNOLOGIA LTDA,SIM,1000
636,36005389000105,36005389,MATRIZ,VEIGA CONSULTORIA EM INFORMATICA LTDA,SIM,5000
637,36005539000180,36005539,MATRIZ,MAGNADATA PRESTACAO DE SERVICOS EM TECNOLOGIA DA INFORMACAO LTDA,SIM,10000
638,36058673000140,36058673,MATRIZ,JOAO GUILHERME CORREA HARGER,SIM,20000
640,36260526000158,36260526,MATRIZ,JOY SOLUCOES E TECNOLOGIA LTDA,SIM,50000
642,36348088000184,36348088,MATRIZ,REND - SERVICOS DE TECNOLOGIA DE INFORMACAO LTDA,SIM,10000
643,36353517000101,36353517,MATRIZ,ABRANTECK TI SOLUCOES EMPRESARIAIS LTDA,SIM,10000
644,36371866000156,36371866,MATRIZ,C RUIVO DA SLVA - TECNOLOGIA EM INFORMACAO E NEGOCIOS,SIM,5000
645,36381943000159,36381943,MATRIZ,AV ENGENHARIA E COMERCIO LTDA,SIM,5000
646,36421471000110,36421471,MATRIZ,MARCELO FRANTZ DESENVOLVIMENTO LTDA,SIM,1000
648,36474896000198,36474896,MATRIZ,JONAS TERTULIANO DOS SANTOS EIRELI,SIM,104500
650,36526329000138,36526329,MATRIZ,CXD CONSULTORIA E DESENVOLVIMENTO EM TECNOLOGIA DA INFORMACAO LTDA,SIM,10000
652,36568185000182,36568185,MATRIZ,MBL DESENVOLVIMENTO TECNOLOGICO LTDA,SIM,30000
656,36699438000157,36699438,MATRIZ,GIANO GESTAO DE RISCOS EM SEGURANCA DA INFORMACAO LTDA,SIM,1000
657,36716381000157,36716381,MATRIZ,NASTECH TECNOLOGIA DA INFORMACAO LTDA,SIM,5000
658,36718756000118,36718756,MATRIZ,ALCANCE CONSULTORIA DE MARKETING LTDA,SIM,30000
659,36730259000135,36730259,MATRIZ,RCUBE SERVICOS DE CONSULTORIA EM TECNOLOGIA DA INFORMACAO LTDA,SIM,1000
660,36734254000180,36734254,MATRIZ,COLLISION INTELLIGENCE LABS SERVICOS DE SEGURANCA DA INFORMACAO LTDA,SIM,1200
661,36806175000138,36806175,MATRIZ,SELLER CENTER SISTEMAS DE INTEGRACAO LTDA,SIM,1000
662,36820730000186,36820730,MATRIZ,SAFERA - ASSESSORIA E CONSULTORIA EM PROTECAO DE DADOS LTDA,SIM,100000
665,36949399000107,36949399,MATRIZ,GFISCHER CONSULTORIA E TECNOLOGIA EIRELI,SIM,104500
666,36958093000109,36958093,MATRIZ,"ACE CONSULTORIA E SERVICOS EM TECNOLOGIA DA INFORMACAO, MARKETING E NEGOCIOS DIGITAIS LTDA",SIM,2000
667,36969195000120,36969195,MATRIZ,J E SOLUCOES EM TECNOLOGIA LTDA,SIM,5000
669,37077182000109,37077182,MATRIZ,EMAILVERITAS TECNOLOGIA LTDA,SIM,20000
670,37177621000155,37177621,MATRIZ,E.S.T - SOLUCOES TECNOLOGICAS LTDA,SIM,30000
671,37178108000189,37178108,MATRIZ,LUCAS ELIAS FREIBERGER,SIM,2000
673,37229264000121,37229264,MATRIZ,PRUMO SERVICOS DE CONSULTORIA EM E-COMMERCE LTDA,SIM,10000
674,37531139000171,37531139,MATRIZ,PRESS START SERVICOS DE CONSULTORIA NA INTERNET LTDA,SIM,3500
675,37532711000117,37532711,MATRIZ,ALEXANDRE AUGUSTO DIAS RAMOS HUFFELL VIOLA,SIM,50000
677,37539604000110,37539604,MATRIZ,"HUBALFA+ CONSULTORIA EMPRESARIAL, ENGENHARIA, TECNOLOGIA E EDUCACAO LTDA",SIM,4990
679,37557582000111,37557582,MATRIZ,MOTTA E MOTTA SERVICOS DE TECNOLOGIA E CONSULTORIA LTDA,SIM,228000
680,37612212000130,37612212,MATRIZ,R & A CONSULTORIA LTDA,SIM,10000
682,37658745000152,37658745,MATRIZ,ALFA TECH COMERCIO E SERVICO LTDA,SIM,1000
683,37671084000103,37671084,MATRIZ,IOTRIXX SOLUCOES EM INFORMATICA E COMUNICACAO LTDA,SIM,60000
684,37915955000189,37915955,MATRIZ,TYPHOON HIL (BR) CONSULTORIA E TREINAMENTO DE SOFTWARE LTDA,SIM,10000
685,37989501000152,37989501,MATRIZ,DM CLOUD & DEVOPS SERVICOS DE TECNOLOGIA LTDA,SIM,1000
686,38007294000156,38007294,MATRIZ,G&D TECNOLOGIA DA INFORMACAO LTDA,SIM,10000
687,38026554000130,38026554,MATRIZ,ALVO SYSTEM LTDA,SIM,3000
689,38045543000106,38045543,MATRIZ,MERAKI CONSULTORIA EM TECNOLOGIA DA INFORMACAO LTDA,SIM,10000
690,38143840000186,38143840,MATRIZ,TBMP CONSULTORIA DA INFORMACAO LTDA,SIM,2000
693,38475698000174,38475698,MATRIZ,HOLDING KIND OUTSIDERS LTDA,SIM,1000
694,38535151000117,38535151,MATRIZ,INSIGHT SERVICOS DE CONSULTORIA EM TECNOLOGIA DA INFORMACAO LTDA,SIM,1000
696,38560722000173,38560722,MATRIZ,WR CONSULT LTDA,SIM,10000
697,38597881000142,38597881,MATRIZ,X.DIGITAL BRASIL SEGURANCA DA INFORMACAO LTDA,SIM,250000
698,38731500000176,38731500,MATRIZ,ACTA TECH SERVICOS DE CONSULTORIA EM TECNOLOGIA DA INFORMACAO LTDA,SIM,12000
701,39331535000180,39331535,MATRIZ,PRUX SOLUCOES DIGITAIS LTDA,SIM,1000
702,39355783000161,39355783,MATRIZ,BERGOLD TECH CONSULTORIA EIRELI,SIM,200000
703,39416257000164,39416257,MATRIZ,INTEPEX SOLUCOES LTDA,SIM,25000
704,39456186000123,39456186,MATRIZ,MICHELLI DA SILVA COSTA,SIM,10000
705,39469328000197,39469328,MATRIZ,MIVA TECNOLOGIA LTDA,SIM,20000
706,39473671000105,39473671,MATRIZ,CLARISSA CECCHIN CONSULTORIA EM TECNOLOGIA DA INFORMACAO LTDA,SIM,5000
707,39485326000191,39485326,MATRIZ,R & R ALVES DA SILVA CONSULTORIA LTDA,SIM,30000
709,39565812000110,39565812,MATRIZ,REZENA TI LTDA,SIM,10000
711,39781465000162,39781465,MATRIZ,PORTODEV CONSULTORIA E TECNOLOGIA LTDA,SIM,1000
712,39836609000130,39836609,MATRIZ,BIODATA CONSULTORIA EM AVALIACAO GENETICA E CIENCIA DE DADOS LTDA.,SIM,40000
713,39937682000107,39937682,MATRIZ,PATERA INC TECNOLOGIA DA INFORMACAO LTDA,SIM,1000
714,39951337000110,39951337,MATRIZ,LAB OF CODES SOLUCOES DIGITAIS LTDA,SIM,1000
715,40019793000105,40019793,MATRIZ,MAASLO CONSULTORIA LTDA,SIM,10000
716,40093823000123,40093823,MATRIZ,FRANZONI CONSULTORIA EM TECNOLOGIA DA INFORMACAO LTDA,SIM,1500
717,40188443000172,40188443,MATRIZ,CSMA SERVICOS DE AUTOMACAO LTDA,SIM,0
718,40194256000100,40194256,MATRIZ,ERUTRON TECNOLOGIA LTDA,SIM,50000
719,40240560000138,40240560,MATRIZ,C. GERLING,SIM,15000
720,40279046000106,40279046,MATRIZ,RKPINHEIRO LTDA,SIM,1000
723,40499259000143,40499259,MATRIZ,DOUGLAS MARTINS CONSULTORIA DE TECNOLOGIA DA INFORMACAO LTDA,SIM,1000
724,40510812000100,40510812,MATRIZ,CECHET SOFTWARE SOLUTIONS LTDA,SIM,10000
725,40513322000159,40513322,MATRIZ,BAHDEV SERVICOS DE CONSULTORIA DE TI LTDA,SIM,1000
726,40572288000193,40572288,MATRIZ,VHL CONSULTORIA EM TI LTDA,SIM,10000
727,40589359000160,40589359,MATRIZ,N N SIEMIATKOWSKI CONSULTORIA LTDA,SIM,1000
729,40654924000126,40654924,MATRIZ,DATA POCKET CONSULTORIA INTERDISCIPLINAR LTDA,SIM,3000
730,40672980000193,40672980,MATRIZ,APETIS CONSULTORIA LTDA,SIM,5000
731,40706960000196,40706960,MATRIZ,MONTEIRO CONSULTORIA EM TECNOLOGIA DA INFORMACAO LTDA,SIM,1000
732,40751154000130,40751154,MATRIZ,RUAN GERVASI LTDA,SIM,10000
733,40840011000102,40840011,MATRIZ,PUERARI SEGURANCA DA INFORMACAO LTDA,SIM,1000
736,40879374000143,40879374,MATRIZ,TOOLS CONSULTORIA EM TECNOLOGIA DA INFORMACAO LTDA,SIM,5000
737,40894681000101,40894681,MATRIZ,LLB SOLUCOES EM MULTIMIDIA LTDA,SIM,1000
738,40909361000170,40909361,MATRIZ,C XAVIER DA SILVA - CONSULTORIA,SIM,10000
739,40942231000139,40942231,MATRIZ,VELVET DESENVOLVIMENTO DE SOFTWARE LTDA,SIM,20000
740,40999862000194,40999862,MATRIZ,EVERTON SILVA ROSA CONSULTORIA,SIM,1000
741,41011151000122,41011151,MATRIZ,L&S CONSULTORIA EM TECNOLOGIA DA INFORMACAO LTDA,SIM,10000
742,41013081000141,41013081,MATRIZ,CASSIANO FORMOLO,SIM,100
744,41069952000149,41069952,MATRIZ,HELIX LABORATORIES DESENVOLVIMENTO DE PROGRAMAS DE COMPUTADOR LTDA,SIM,1000
745,41132023000137,41132023,MATRIZ,CYNC TECNOLOGIA LTDA,SIM,1000
746,41138337000147,41138337,MATRIZ,GLA. SOLUTIONS LTDA,SIM,15000
747,41249650000152,41249650,MATRIZ,BIOSAT AGRICULTURA DE PRECISAO LTDA,SIM,1200
748,41273734000121,41273734,MATRIZ,HD DEVFORCE LTDA,SIM,10000
749,41368252000155,41368252,MATRIZ,REVIRAVOLTA LOCAL COMUNICACAO E TECNOLOGIA LTDA.,SIM,10000
750,41400372000192,41400372,MATRIZ,PRESSER CONSULTORIA E DESENVOLVIMENTO DE PROGRAMAS DE COMPUTADOR LTDA,SIM,1000
753,56350820000168,56350820,MATRIZ,VON BARANOW INFORMATICA LTDA,SIM,50000
762,80095243000190,80095243,MATRIZ,COMPCENTER INFORMATICA LTDA,SIM,0
763,80921489000173,80921489,MATRIZ,MAPTRIZ CONSULTORIA E TECNOLOGIA LTDA,SIM,500000
766,81530685000180,81530685,MATRIZ,JEFERSON PINHEIRO BERNARDO E CIA LTDA,SIM,30000
772,85398345000106,85398345,MATRIZ,HOLISTIC - CONSULTORIA LTDA,SIM,0
773,85516912000173,85516912,MATRIZ,VALMELL SISTEMAS E SERVICOS DE INFORMATICA LTDA,SIM,0
775,86861804000109,86861804,MATRIZ,SADI RICARDO DREWS & CIA LTDA,SIM,0
776,86954351000157,86954351,MATRIZ,COMPULOGICA SISTEMAS DE INFORMATICA LTDA,SIM,0
778,91229039000130,91229039,MATRIZ,SERRANA INFORMATICA LTDA,SIM,0
790,95844288000197,95844288,MATRIZ,BOABASE CONSULTORIA E SISTEMAS LTDA,SIM,0
